{
    "features": [
        {
            "aggregateGeometries": null,
            "geometry": {
                "spatialReference": {
                    "latestWkid": 3857,
                    "wkid": 102100
                },
                "rings": [
                    [
                        [
                            -4280825.588099999,
                            -1030336.6939999983
                        ],
                        [
                            -4281377.952699998,
                            -1030356.6589999981
                        ],
                        [
                            -4282112.4978,
                            -1029701.1419999972
                        ],
                        [
                            -4282304.660799999,
                            -1029637.919499997
                        ],
                        [
                            -4282517.6206,
                            -1029588.0070999973
                        ],
                        [
                            -4282510.965699999,
                            -1029275.2222999968
                        ],
                        [
                            -4282500.983199999,
                            -1028939.1449999996
                        ],
                        [
                            -4283161.4914,
                            -1027942.5594999976
                        ],
                        [
                            -4282207.331499999,
                            -1027884.3282999992
                        ],
                        [
                            -4282034.3016,
                            -1027668.0408999994
                        ],
                        [
                            -4281879.572999999,
                            -1027488.3559999987
                        ],
                        [
                            -4281568.4519,
                            -1027308.6711999997
                        ],
                        [
                            -4281496.0789,
                            -1027378.5485999994
                        ],
                        [
                            -4281046.866699999,
                            -1027641.4208999984
                        ],
                        [
                            -4280441.2621,
                            -1027801.1407999992
                        ],
                        [
                            -4280268.232199999,
                            -1027954.2056999989
                        ],
                        [
                            -4279959.606799999,
                            -1027761.2107999995
                        ],
                        [
                            -4280109.3442,
                            -1027601.4910000004
                        ],
                        [
                            -4280165.911699999,
                            -1027381.8761
                        ],
                        [
                            -4280122.654199999,
                            -1027059.1087999977
                        ],
                        [
                            -4279899.7118999995,
                            -1027059.1087999977
                        ],
                        [
                            -4279373.9672,
                            -1026972.5938999988
                        ],
                        [
                            -4278948.047499999,
                            -1027202.1911999993
                        ],
                        [
                            -4278502.9947,
                            -1026859.4589999989
                        ],
                        [
                            -4278456.409799999,
                            -1026546.6741999984
                        ],
                        [
                            -4278529.614699999,
                            -1026423.5568000004
                        ],
                        [
                            -4278572.872199999,
                            -1026230.5618999973
                        ],
                        [
                            -4278722.6096,
                            -1026080.8244999982
                        ],
                        [
                            -4278915.6044,
                            -1025961.0345999971
                        ],
                        [
                            -4278992.136899998,
                            -1025797.9871999994
                        ],
                        [
                            -4278945.551899999,
                            -1025601.6648999974
                        ],
                        [
                            -4278882.329499999,
                            -1025062.6101999991
                        ],
                        [
                            -4278303.344899999,
                            -1025039.3178000003
                        ],
                        [
                            -4278290.034899998,
                            -1025162.4351999983
                        ],
                        [
                            -4278173.5725,
                            -1025521.804899998
                        ],
                        [
                            -4278063.764999999,
                            -1025738.0922999978
                        ],
                        [
                            -4277716.041499998,
                            -1025974.3445999995
                        ],
                        [
                            -4277792.573999999,
                            -1026183.9769999981
                        ],
                        [
                            -4277779.6799,
                            -1026342.0330999978
                        ],
                        [
                            -4277550.082599999,
                            -1026461.8229999989
                        ],
                        [
                            -4277551.746299999,
                            -1026368.6530999988
                        ],
                        [
                            -4277460.2401,
                            -1026144.0469999984
                        ],
                        [
                            -4277470.2226,
                            -1026004.2920999974
                        ],
                        [
                            -4277317.5737,
                            -1026007.619599998
                        ],
                        [
                            -4277284.298699999,
                            -1025852.8908999972
                        ],
                        [
                            -4277252.6875,
                            -1025689.8435999975
                        ],
                        [
                            -4277117.923799999,
                            -1025390.3687999994
                        ],
                        [
                            -4276830.0953,
                            -1025032.6627999991
                        ],
                        [
                            -4276414.1581,
                            -1024976.0953000002
                        ],
                        [
                            -4276014.858299999,
                            -1024716.550499998
                        ],
                        [
                            -4275888.4134,
                            -1024972.7677999996
                        ],
                        [
                            -4275881.758399999,
                            -1025209.0200999975
                        ],
                        [
                            -4276197.038799999,
