{"features":
[{"aggregateGeometries":null,
"geometry":
{"spatialReference":
{"latestWkid":3857,"wkid":102100},
"rings":[[[-4267025.319399999,-1023667.7149999999],
[-4267054.304699998,-1023688.5555999987],
[-4267075.3256,-1023705.8742999993],
[-4267081.373499999,-1023719.3083999977],
[-4267196.232899999,-1023753.7601999976],
[-4267215.684799999,-1023767.8620999977],
[-4267349.1842,-1023917.1022999994],
[-4267454.9639,-1023984.0028999969],
[-4267454.9639,-1023984.0028999969],
[-4267489.452199999,-1024001.2658999972],
[-4267516.137399999,-1024005.3865999989],
[-4267533.614,-1023998.998999998],
[-4267601.7393,-1023955.1391999982],
[-4267584.614499999,-1023923.2636999972],
[-4267584.454399999,-1023866.9523999989],
[-4267606.076099999,-1023851.2512999997],
[-4267478.540999999,-1023740.3729999997],
[-4267263.7248,-1023587.8861999996],[-4267244.4418,-1023611.6866999976],[-4267229.7149,-1023626.0398999974],[-4267219.3279,-1023634.4738999978],[-4267210.0275,-1023639.2148000002],[-4267201.7179999985,-1023641.252000000…
}]}